filename,remeshing_parameter
C.erythrinusA.stl,60
C.erythrinusB.stl,60
L. arctoaA.stl,60
L. arctoaB.stl,59
L.brandtiA.stl,60
L.brandtiB.stl,55
P.enucleatorA.stl,60
P.enucleatorB.stl,60
P.pyrrhulaA.stl,59
C. flavaA.stl,60
C. stejnegeriA.stl,55
C. stejnegeriB.stl,40
C. stejnegeriC.stl,59
C. stejnegeriD.stl,55
C. virensA.stl,45
C. virensB.stl,60
C. virensC.stl,40
C. virensD.stl,59
C.virensE.stl,35
C.virensF.stl,60
C.virensG.stl,59
H. sanguineaA.stl,30
H. sanguineaB.stl,50
H. sanguineaC.stl,40
H. sanguineaD.stl,59
H. wilsoniA.stl,59
H.wilsoniB.stl,60
L. bailleuiA.stl,50
L. caeruleirostrisA.stl,60
L. coccineusA.stl,60
L. coccineusB.stl,40
M. manaA.stl,40
M. parvaA.stl,59
M. parvaB.stl,40
M. parvaC.stl,40
M. phaeosomaA.stl,60
M. phaeosomaB.stl,50
O. bairdiA.stl,59
O. bairdiB.stl,30
P. montanaA.stl,55
P. xanthophrysA.stl,59
P.doleiA.stl,61
T. cantansA.stl,50
T. cantansB.stl,60
T. cantansC.stl,59
T. cantansD.stl,60
T. ultimaA.stl,59
V. coccineaA.stl,40
V. coccineaB.stl,55
V. coccineaC.stl,60
V. coccineaD.stl,75
human_cranium_Arothron_raw_FH.stl,50
human_cranium_BodyParts3D_raw_FH.stl,50
human_cranium_CT_Philips_raw_FH.stl,55
human_cranium_s1397_raw_FH.stl,60
